Unnamed: 0,Unnamed: 1,Unnamed: 2,Unnamed: 3,Unnamed: 4,Unnamed: 5,Unnamed: 6,Unnamed: 7,Unnamed: 8,Unnamed: 9,Unnamed: 10,Unnamed: 11,Unnamed: 12
,Nombre Electrolinera,Comuna,Dirección,Latitud,Longitud,Potencia (en kW) Electrolinera,Potencia (en kW) cargador,aux x,aux y,x,y,
,PUNTO DE CARGA DOBLE EVBOX MPOE - 4,Cerrillos,Av. Americo Vespucio 1501,-3351700,-7071700,"7,4","7,4",-3724.40904,-7858.07304,26.5387896000002,55.184414400000605,
,"Ambrosio O""Higgins - 1",Curacaví,"Ambrosio O""Higgins frente a 1305",-3340542,-711368,"43,56","21,78",-3712.0102704,-790.4721215999999,38.93755920000012,7122.785332800001,
,"Copec Costanera Norte, Vitacura",Vitacura,Costanera Norte km 8 (dirección oriente),-3338210,-7059316,50,50,-3709.418952,-7844.311939200001,41.528877600000214,68.94551520000005,
,Enel X - Volvo Temuco - 1,Temuco,Av San Martin 0960,-3873873,-7261667,"7,4","7,4",-4304.6476776,-8069.164370400001,-553.6998479999997,-155.9069159999999,
,"Smarcity, Ciudad Empresarial - 1",Huechuraba,Del Parque 4980,-3338890,-7061664,22,22,-3710.174568,-7846.9210368,40.773261600000296,66.33641760000046,
,BMW-VIÑA DEL MAR - 1,Vina del Mar,LIBERTAD 841,-3301389,-7155001,"7,4","7,4",-3668.5034568,-7950.6371112,82.44437280000011,-37.379656799998884,
,Patio Los Militares - 2,Las Condes,los militares 4661,-3341210,-7058118,7,7,-3712.752552,-7842.980721600001,38.19527760000028,70.27673279999999,
,Centro Parque Araucano - 9,Las Condes,Presidente riesco 5330,-3339742,-7055966,7,7,-3711.1213104000003,-7840.5894192000005,39.82651919999989,72.6680352000003,
,Enel X-Mall Plaza Los Dominicos,Las Condes,"Av. Padre Hurtado Sur #875, Piso -2",-3341512,-7054050,7,7,-3713.0881344,-7838.46036,37.85969520000026,74.79709440000079,
,Dreams Punta Arenas - 1,Punta Arenas,Libertador Bernardo Ohiggins 1235,-5316611,-7090611,"7,4","7,4",-5907.8181432,-7879.086943200001,-2156.8703136,34.170511199999964,
,Casino Enjoy Los Andes - 1,Los Andes,Carretera san Martin 57,-3292659,-7068015,44,22,-3658.8026808000004,-7853.978268000001,92.14514879999979,59.27918640000007,
,Grupo Patio Foster - 2,Las Condes,Enrique Foster 21,-3341556,-7059412,7,7,-3713.1370272000004,-7844.4186144000005,37.81080239999983,68.83884000000035,
,Cargador Electrico Jumbo-Easy Vina del Mar - 1,Vina del Mar,Uno Norte 2887,-3303596,-7152344,"7,4","7,4",-3670.9558752000003,-7947.684652800001,79.99195439999994,-34.427198399999725,
,CGE Concepción 1,Concepción,Barros Arana #64,-3682982,-7305819,7,7,-4092.5295984000004,-8118.226072800001,-341.5817688000002,-204.9686184000002,
,Electrolinera Arica - 1,Arica,Santa Maria 2724,-1846279,-7029762,44,22,-2051.5852248,-7811.471534400001,1699.3626048,101.78592000000026,
,Mall ZOFRI - 1,Iquique,salitrera victoria s/n,-2020505,-7013945,44,22,-2245.1851560000005,-7793.895684,1505.7626735999997,119.36177040000075,
,"Oficina CGE, Copiapo - 1",Copiapó,avenida circunvalaci¿n 51,-2736084,-703386,44,22,-3040.3365408,-781.6025232000001,710.6112888000002,7131.654931200001,
,Plaza Vicuña Mackena 1,Coquimbo,"Plaza Vicuña Mackenna, Barrio Ingles.",-2994943,-7133725,7,7,-3327.9806616,-7926.99522,422.96716800000013,-13.737765599998966,
,Enel X Way - Tottus Vivaceta - 1,Independencia,Av. Fermin Vivaceta 1030,-3341870,-7066372,70,60,-3713.4859440000005,-7852.1525664,37.46188559999973,61.104888000000756,
,CCTA Chilquinta Quilpué - 1,ex-Quilpue,"ALTO EL YUGO, LO OROZCO S/N",-330878,-7140353,22,22,-367.6716336,-7934.3602536,3383.2761960000003,-21.102799199999026,
,Edificio Chilquinta Barón - 1,Valparaíso,AV. ARGENTINA 1,-3304257,-7160482,22,44,-3671.6903784000006,-7956.727598400001,79.25745119999965,-43.47014399999989,
,Edificio Chilquinta Curauma - 1,Valparaíso,Cerro El Plomo 3819,-3313118,-7156017,22,22,-3681.5367216000004,-7951.7660904,69.41110799999979,-38.50863599999957,
,Oficina Chilquinta Los Andes - 1,Los Andes,SANTA ROSA 457,-3283459,-7059939,22,22,-3648.5796408000006,-7845.004216800001,102.36818879999964,68.25323759999992,
,Oficina Chilquinta Quillota - 1,Quillota,CHACABUCO 344,-3287815,-7124723,22,22,-3653.420028,-7916.9921976,97.5278016000002,-3.734743199998775,
,Oficina Chilquinta Quilpué - 1,ex-Quilpue,Zenteno 721,-330454,-7143807,22,22,-367.2004848,-7938.1983384000005,3383.7473448,-24.94088399999964,
,Oficina Chilquinta San Antonio - 1,San Antonio,El Molo 2,-3359578,-7161284,22,22,-3733.1630736,-7957.6187808,17.784756000000016,-44.3613263999996,
,Shell Placilla,Valparaíso,Ruta 68 km 98. Lado Sur,-3312139,-7156205,50,43,-3680.4488568,-7951.974996,70.49897280000005,-38.717541599999095,
,Cargador Av. Calera de tango - 1,Calera de Tango,Av. Calera de Tango frente 345,-336302,-7076153,44,22,-373.6987824,-7863.0212136,3377.2490472,50.236240800000814,
,Cargador Eléctrico Alhue - 1,Alhué,Esmeralda frente al 198,-3403143,-7110103,"43,56","21,78",-3781.5725016,-7900.7464536,-30.62467199999992,12.511000800001057,
,Costanera Center - 1,Providencia,Andr¿s Bello 2461,-3342030,-7061128,14,7,-3713.6637360000004,-7846.3254336,37.28409359999978,66.93202080000083,
,Parking Saba Guardia Vieja - 3,Providencia,Avenida providencia 2099,-3342130,-7060905,7,7,-3713.7748560000005,-7846.077636,37.17297359999975,67.17981840000084,
,Proyecto Inst. Cargadores Elect. Hotel Sheraton - 2,Providencia,Avenida Santa Maria 1742,-3342190,-7062115,22,22,-3713.841528,-7847.4221880000005,37.10630160000028,65.83526640000036,
,Proyecto CE Hotel Torremayor 322 - 2,Providencia,Avenida Ricardo Lyon 322,-3342460,-7060850,22,22,-3714.141552,-7846.01652,36.80627760000016,67.2409344000007,
,Proy. Instalación Cargadores Eléct. Hotel Eurotel - 2,Providencia,Guardia Vieja 285,-3342490,-7060980,22,22,-3714.174888,-7846.160976,36.772941600000195,67.0964784000007,
,Cargador Eléctrico Radal - 1,Quinta Normal,Radal frente a 1693,-3342750,-7070347,"43,56","21,78",-3714.4638,-7856.5695864,36.48402960000021,56.68786800000089,
,"Enel X-Mac Iver, Santiago Centro",Santiago,Enrique Mac Iver #424,-3343780,-7064747,22,22,-3715.6083360000002,-7850.3468664,35.33949359999997,62.910588000000644,
,IRVE Tottus Catedral - 2,Santiago,Catedral 1850,-3343890,-7066323,70,60,-3715.730568,-7852.0981176,35.217261600000256,61.159336800001256,
,Enel X - Shell Laguna Caren - 1,Pudahuel,Ruta 68 Sur KM 18.5,-3343980,-7084116,50,50,-3715.8305760000003,-7871.8696992000005,35.11725359999991,41.387755200000356,
,TOTTUS FACTORIA - 1,Providencia,AV. FRANCISCO BILBAO 451,-3344180,-7062604,22,22,-3716.0528160000003,-7847.9655648,34.89501359999986,65.29188960000101,
,Enel X Way - Petrobras Pajaritos - 2,Maipú,Av. Pajaritos 3439,-3349590,-7075720,70,30,-3722.064408,-7862.540064,28.88342160000002,50.71739040000102,
,Enel X - Sodimac Quilín - 2,Penalolén,altos del parque sur 5800,-3349870,-7055529,22,11,-3722.3755440000004,-7840.1038248,28.57228559999976,73.15362960000039,
,Copec Av. Libertad,Viña del Mar,Av. Libertad #501,-3301732,-7155049,50,50,-3668.8845984000004,-7950.6904488,82.06323119999979,-37.43299439999919,
,Cargador Intervial Angostura - 1,Paine,Panamericana sur 1391,-3390666,-7073309,55,43,-3767.7080592,-7859.860960800001,-16.760229600000002,53.39649360000021,
,COPEC Chillán - 1,Chillan Viejo,"Ruta 5 Km 409,4 Ruta 5 Poniente S/N",-3663346,-7219409,72,43,-4070.7100752000006,-8022.2072808,-319.76224560000037,-108.94982639999944,
,COPEC Chimbarongo - 1,Chimbarongo,PANAMERICANA SUR KM 157,-347348,-7103964,72,50,-385.97309759999996,-7893.924796800001,3364.974732,19.332657599999948,
,COPEC Concepción Prat - 1,Concepción,Avenida Arturo Prat 289,-3683281,-7305743,50,43,-4092.8618472000003,-8118.141621600001,-341.9140176000001,-204.88416719999987,
,COPEC Costanera Antofagasta - 1,Antofagasta,EDMUNDO PEREZ ZUJOVIC 10675,-2356551,-7039861,72,50,-2618.5994712,-7822.693543200001,1132.3483584,90.5639111999999,
,Cargador Eléctrico Voltex Plaza de Armas Peñaflor - 1,Penaflor,Alcalde Luis Araya Cereceda frente a 1261,-3360830,-7090101,44,22,-3734.5542960000002,-7878.5202312,16.393533599999955,34.7372232000007,
,Cargador Urbano Arturo Prat 234 - 1,Tiltil,Arturo Prat 234,-3308455,-7092905,44,22,-3676.3551960000004,-7881.636036,74.59263359999977,31.621418400000948,
,PUNTO DE CARGA DOBLE EV-BOX MALL PLAZA SUR - 2,San Bernardo,AV. PRESIDENTE JORGE ALESSANDRI 20040,-3363170,-7071040,"7,4","7,4",-3737.1545040000005,-7857.339648000001,13.793325599999662,55.91780639999979,
,Inst. Cargador Globalvía Peaje Lampa Poniente - 1,Lampa,Ruta 5 Norte km.26 Poniente 000,-3323692,-7075872,55,43,-3693.2865504,-7862.7089664,57.66127920000008,50.54848800000127,
,Cargador Urbano Ignacio Carrera Pinto - 1,Tiltil,Ignacio Carrera Pinto S/N,-3308553,-7092972,44,22,-3676.4640936,-7881.7104864,74.48373600000014,31.54696800000056,
,COPEC Hijuelas - 1,Hijuelas,Panamericana Norte KM 10 S/N,-3282762,-7113017,72,50,-3647.8051344,-7903.984490400001,103.14269520000016,9.272963999999774,
,COPEC Llay Llay - 1,Llaillay,Panamericana Norte Km 83 Ruta 5 Poniente S/N,-3284235,-7100309,72,50,-3649.4419319999997,-7889.8633608,101.50589760000048,23.394093600000815,
,"COPEC Los Angeles Ruta 5 km 518,5 - lado poniente - 1",Los Ángeles,RUTA 5 SUR KM 518.5 S/N,-3754693,-7230943,"94,58",50,-4172.2148616,-8035.023861600001,-421.2670320000002,-121.76640719999978,
,"COPEC Los Vilos, km 225 - 1",Los Vilos,RUTA 5 NORTE S/N,-3188886,-7149199,"94,58",50,-3543.4901231999997,-7944.1899287999995,207.45770640000046,-30.932474399998682,
,COPEC Marbella - 1,Puchuncaví,Ruta F30E Lote CC4 S/N,-3267145,-7142591,72,50,-3630.4515240000005,-7936.847119200001,120.49630559999969,-23.58966479999981,
,COPEC Maule - 1,Maule,PANAMERICANA SUR KM 265 S/N,-35532,-7168785,72,43,-39.4831584,-7965.953892,3711.4646712000003,-52.696437599999626,
,COPEC Mostazal Oriente - 1,Mostazal,PANAMERICANA SUR KM 67.1 KM 237.6,-3401669,-7070271,72,43,-3779.9345928000002,-7856.4851352,-28.98676320000004,56.77231920000122,
,COPEC Mostazal Poniente - 1,Mostazal,Panamericana Sur Km 66.7 Ruta 5 Poniente S/N,-3401158,-7070408,72,43,-3779.3667696,-7856.6373696,-28.41894000000002,56.62008480000077,
,COPEC Parcela 20 Las Vegas de La Serena - 1,La Serena,PARCELA 20 VEGAS SUR S/N,-2994162,-7128037,"94,58",50,-3327.1128144,-7920.674714400001,423.83501520000027,-7.417260000000169,
,COPEC Parral - 1,Parral,Panamericana Sur 339 S/N,-3613353,-7180768,72,50,-4015.1578536,-7979.2694016000005,-264.210024,-66.01194719999967,
,Lampa - 1,Lampa,Ignacio Carrera Pinto frente 1066,-3328663,-7087213,"43,56","21,78",-3698.8103256,-7875.3110856,52.13750400000026,37.94636880000053,
,COPEC Placilla - 1,Valparaíso,Placilla KM 105 S/N,-3312796,-7156282,72,50,-3681.1789152000006,-7952.0605584,69.76891439999963,-38.80310399999962,
,"COPEC Ruta 5 Norte km 370 -Socos, Ovalle - 1",Ovalle,RUTA 5 NORTE km 370,-3071884,-7149479,"94,58",50,-3413.4775008000006,-7944.5010648,337.4703287999996,-31.243610399998943,
,COPEC Ruta 5 Norte km 205. Palo Colorado Oriente - 1,Los Vilos,RUTA 5 NORTE ORIENTE km 205,-3207951,-7151586,"94,58",50,-3564.6751512,-7946.8423632,186.27267840000013,-33.58490879999954,
,Copec ruta 5 Norte km 205. Palo Colorado Poniente - 1,Los Vilos,RUTA 5 NORTE PONIENTE KM 205 S/N,-3207854,-7151752,"94,58",50,-3564.5673648,-7947.0268224,186.38046480000003,-33.769367999999304,
,COPEC Ruta 5 Sur km 484. Los Alamos - 1,Los Alamos,RUTA 5 SUR KM 484 S/N,-3728321,-7235431,"94,58",50,-4142.9102952,-8040.0109272,-391.9624656000001,-126.75347279999914,
,"Copec Ruta 5 Sur km 614,5. Victoria - 1",Victoria,RUTA 5 SUR KM 614.4 S/N,-3827936,-7236559,"94,58",43,-4253.6024832,-8041.264360800001,-502.6546536000001,-128.00690639999993,
,SAVE supermercado Lider Pie Andino - 1,Lo Barnechea,paseo pie andino 5885,-3332395,-7053919,22,22,-3702.9573240000004,-7838.314792800001,47.99050559999978,74.94266160000006,
,Cargador Eléctrico Calle San Ignacio - 1,Quilicura,San Ignacio frente al 951,-3333225,-7070984,"43,56","21,78",-3703.87962,-7857.2774208,47.068209600000046,55.98003360000075,
,Proyecto Cargadores VE Stripcenter Los Trapenses - 1,Lo Barnechea,Camino Los Trapenses 3515,-3334331,-7054444,44,22,-3705.1086072000003,-7838.898172800001,45.839222399999926,74.35928160000003,
,COPEC San Carlos - 1,San Carlos,Ruta 5 Sur KM 380 Ruta 5 Oriente San Carlos S/N,-3647158,-7200754,72,50,-4052.7219696,-8001.477844800001,-301.77414,-88.22039039999981,
,ELECTROLINERA SHELL LOS TRAPENSES - 1,Lo Barnechea,Camino Los Trapenses 3385,-3334485,-7054589,50,50,-3705.279732,-7839.059296800001,45.66809760000024,74.19815759999983,
,COPEC San Fernando - 1,San Fernando,RUTA 5 SUR KM 127 KM 127,-3450869,-7092284,72,50,-3834.6056328000004,-7880.9459808,-83.65780320000022,32.31147360000068,
,COPEC San Javier - 1,San Javier,"Longitudinal Sur Km 275,3 S/N",-3561632,-7170185,72,50,-3957.6854784,-7967.509572000001,-206.7376488,-54.25211760000002,
,COPEC San Rafael - 1,San Rafael,Ruta 5 Sur KM 237 Ruta 5 Oriente S/N,-3532066,-7153936,72,43,-3924.8317392000004,-7949.4536832,-173.88390960000015,-36.19622879999952,
,COPEC Santo Domingo - 1,Santo Domingo,Teniente Cruz Martinez 70,-3364615,-716246,72,50,-3738.760188,-795.8925552,12.187641600000006,7117.364899200001,
,Copec Temuco - 1,Temuco,AV. ALEMANIA 83,-3873616,-7260273,"94,58",50,-4304.362099200001,-8067.6153576,-553.4142696000004,-154.35790319999887,
,ESTACION COPEC COQUIMBO SALIDA SUR - KM 455,Coquimbo,RUTA 5 NORTE PONIENTE KM 455 S/N,-3001266,-713784,"94,58",50,-3335.0067792,-793.1567808,415.9410504000002,7120.100673600001,
,ESTACION DE SERVICIOS COPEC LAUTARO - 1,Lautaro,RUTA 5 SUR KM 645 S/N,-3854944,-7245759,"94,58",43,-4283.6137728,-8051.487400800001,-532.6659432000001,-138.2299463999998,
,Enel X Way - Espacio Urbano La Dehesa - 1,Lo Barnechea,Avenida El Rodeo 12850,-3335227,-7052073,70,30,-3706.1042424,-7836.2635176,44.8435872,76.99393680000048,
,Cargador Eléctrico Avenida Costanera Ferrea - 1,Quilicura,Avenida Costanera Férrea frente al 0495,-3335561,-7071316,"43,56","21,78",-3706.4753832,-7857.6463392000005,44.47244640000008,55.61111520000031,
,Mall Los trapenses - 1,Lo Barnechea,José Alcalde delano 10492,-3335645,-7053946,44,22,-3706.568724,-7838.3447952,44.3791056,74.91265920000114,
,Proyecto Cargadores VE Hotel Pettra - 2,Lo Barnechea,Comandante Malbec 12851,-3335971,-7051527,22,22,-3706.9309752000004,-7835.6568024,44.01685439999983,77.60065200000099,
,COPEC PEDRO FONTOVA - HUECHURABA - 1,Huechuraba,AV. PEDRO FONTOVA 6789,-3336017,-7066956,"43,56",22,-3706.9820904000003,-7852.8015072,43.965739199999916,60.45594720000099,
,Duoc UC Huechuraba - 1,Huechuraba,Calle Nueva 1660,-3336243,-7067770,22,22,-3707.2332216000004,-7853.706024,43.71460799999977,59.551430400000754,
,SAVE VOLTEX 10024 EDS COPEC - 1,San Pedro de Atacama,RUTA 23,-2291425,-6819151,"94,1",43,-2546.23146,-7577.4405912,1204.7163696000002,335.8168632000006,
,Autoplanet Lo Barnechea 2do - 1,Lo Barnechea,avenida raúl labbé 12931,-3336387,-7051268,"7,4","7,4",-3707.3932344,-7835.369001600001,43.55459520000022,77.88845279999987,
,Autoplanet Lo Barnechea - 1,Lo Barnechea,avenida raúl labbé 12931,-3336654,-7051665,"7,4","7,4",-3707.6899248,-7835.8101480000005,43.25790480000023,77.44730640000034,
,PUNTO DE RECARGA DOBLE EV-BOX - 4,Huechuraba,avenida Americo Vespucio 1737,-3336669,-7067880,"7,4","7,4",-3707.7065928,-7853.828256000001,43.241236800000024,59.42919840000013,
,Cargador Eléctrico Plaza Recsa - 1,Quilicura,Pasaje Dallas frente a 266,-3336854,-7072389,"43,56","21,78",-3707.9121648,-7858.8386568000005,43.03566480000018,54.41879760000029,
,SAVE VOLTEX Portal Los Arrayanes - 1,Puerto Varas,Ricardo Neumann Wittwer 1051,-4130815,-7299476,44,22,-4590.161628,-8111.1777312,-839.2137983999996,-197.92027679999956,
,SAVE SUPERM.LIDER PUENTE NUEVO WALMART-COLBUN - 1,Lo Barnechea,Avenida Las Condes 12916,-3336968,-7051218,24,24,-3708.0388416,-7835.313441600001,42.908988000000136,77.94401279999965,
,Movicenter Huechuraba - 1,Huechuraba,Americo Vespucio Norte 1155,-3337014,-7066260,14,7,-3708.0899568,-7852.028112000001,42.85787280000022,61.22934239999995,
,"Parque Arauco, Presidente Kennedy Nº 5413 - 1",Las Condes,Presidente Kennedy 5413,-3340180,-7057972,14,7,-3711.608016,-7842.8184863999995,39.33981360000007,70.4389680000013,
,Open Kennedy - 3,Las Condes,Presidente Kennedy 5601,-3340118,-7057539,14,7,-3711.5391216000003,-7842.3373368,39.40870799999993,70.9201176000006,
,COPEC Costanera Norte E0 - 1,Vitacura,"Costanera Norte Km 2,5 E-0 S/N",-3337513,-7053187,175,175,-3708.6444456,-7837.5013944,42.30338400000028,75.75606000000062,
,COPEC CHAMISERO - COLINA - 1,Colina,AV. CHAMISERO 10410,-3330688,-7066335,"43,56",22,-3701.0605056,-7852.111452,49.88732400000026,61.146002400000725,
,COPEC Colina - 1,Colina,Ruta 5 norte KM 27.5 S/N,-3321605,-7076698,72,43,-3690.9674760000003,-7863.6268176,59.980353599999944,49.6306368000005,
,Tanica Oriente - 1,Vitacura,Santa Maria 5888,-3337966,-7058436,14,7,-3709.1478192,-7843.3340832,41.80001040000025,69.92337120000047,
,Mc Donalds Kennedy - 1,Las Condes,Av. Presidente Kennedy Lateral 5055,-3340249,-7058085,14,7,-3711.6846888,-7842.944052000001,39.2631408000002,70.31340240000009,
,Enel X - Petrobras Luis Pasteur - 2,Vitacura,Luis Pasteur 6725,-3337999,-7056953,70,60,-3709.1844888,-7841.6861736,41.76334080000015,71.57128080000075,
,Tanica Poniente - 1,Vitacura,Santa Maria 5870,-3338042,-7058570,14,7,-3709.2322704000003,-7843.482984,41.715559199999916,69.77447040000061,
,Proyecto Cargadores VE Hotel Ritz Carlton - 2,Las Condes,El Alcalde 15,-3341590,-7059524,22,22,-3713.174808,-7844.5430688,37.77302159999999,68.71438560000115,
,COPEC Ruta 78- Lado Norte - 1,Talagante,AUTOPISTA DEL SOL NORTE RUTA 78 NORTE KM 31 1/2,-3363276,-7086888,72,50,-3737.2722912,-7874.9499456,13.675538400000278,38.307508800000505,
,COPEC Ruta 78- Lado Sur - 1,Talagante,AUTOPISTA DEL SOL RUTA 78 SUR KM 31 1/2,-3363436,-7086855,72,50,-3737.4500832,-7874.913276,13.497746400000324,38.3441784000006,
,Enel X Way - Tottus Padre Hurtado - 2,Vitacura,Av. Vitacura 9019,-3338374,-7054946,70,60,-3709.6011888,-7839.4559952,41.34664080000039,73.80145920000086,
,Centro de Convenciones Stgo - 1,Huechuraba,Avenida El Salto 5000,-3338515,-7062257,"6,6","6,6",-3709.757868,-7847.5799784,41.18996160000006,65.67747600000075,
,Enel x - Tottus Gerónimo de Alderete (Vitacura) - 2,Vitacura,Av. Vitacura 6980,-3338675,-7056556,70,60,-3709.93566,-7841.245027200001,41.01216960000011,72.01242720000027,
,SAVE SUPERM.LIDER BUENAVENTURA WALMART-COLBUN - 1,Vitacura,BUENAVENTURA 1770,-3338677,-7056821,24,24,-3709.9378824,-7841.5394952,41.00994720000017,71.71795920000113,
,Hotel Marriott - 1,Las Condes,Presidente Kennedy 5741,-3339999,-7057428,22,22,-3711.4068888,-7842.2139936,39.540940800000044,71.0434608000005,
,Clínica Alemana Vitacura 2 - 1,Vitacura,Av Vitacura 5951,-3339178,-7057323,44,44,-3710.4945936,-7842.0973176,40.45323600000029,71.16013680000106,
,Enel X Way - Cargadores Mas Center Cd. Empresarial - 2,Huechuraba,DEL PARQUE 4023,-3339402,-7062063,"7,4","7,4",-3710.7435024,-7847.3644056,40.20432720000008,65.89304880000054,
,SAVE Edificio Matta 530 - 3,Las Condes,Rosario Norte 530,-3340513,-7057304,22,22,-3711.9780456,-7842.076204800001,38.969784000000345,71.18124960000023,
,Chillán Centro - 1,Chillan,Arauco 878,-3661084,-7210415,44,22,-4068.1965408000005,-8012.213148000001,-317.24871120000034,-98.9556935999999,
,Colo Colo N° 410 - 1,Villarrica,Pedro de Valdivia Esq. Colo Colo 410,-392872,-7222139,44,22,-436.5593664,-8025.240856800001,3314.3884632000004,-111.98340240000016,
,"Enel X- PETROBRAS, Vitacura con Vespucio",Vitacura,Av. Américo Vespucio #1665,-3339894,-7058718,50,50,-3711.2902128000005,-7843.647441600001,39.65761679999969,69.61001279999982,
,Cargadores Estacionamientos Aeropuerto Pudahuel - 6,Pudahuel,Jean Mermoz 2101,-3339934,-7079489,22,22,-3711.3346608000006,-7866.7281768,39.613168799999585,46.52927760000057,
,Enel X - Rosselot Viña del Mar - 1,Vina del Mar,11 norte 613,-3301217,-7154976,"1,4","1,4",-3668.3123304,-7950.6093312,82.63549920000014,-37.351876799999445,
,Enel X - Sodimac Temuco-2,Temuco,Caupolicán 0457,-3874419,-7260932,"7,4","7,4",-4305.2543928000005,-8068.3476384000005,-554.3065632000003,-155.09018399999968,
,Enel X - StripCenter Nogales,Machalí,Carretera del cobre 2521,-3419074,-7070411,66,22,-3799.2750287999997,-7856.640703200001,-48.32719919999954,56.61675120000018,
,Enel X - Zona de descanso Itahue. - 1,Molina,Ruta 5 Sur KM 211,-3513795,-7136255,50,43,-3904.5290040000004,-7929.8065560000005,-153.58117440000024,-16.54910159999963,
,Enel X - Zona de descanso La Platina - 1,Chimbarongo,Ruta 5 Sur KM 159,-3477062,-7104345,50,50,-3863.7112944,-7894.348164,-112.76346479999984,18.909290400000828,
,Enel X - Zona de descanso Santa Lucila. - 1,Requínoa,Ruta 5 Sur KM 98,-3426589,-7080982,50,43,-3807.6256968000002,-7868.387198400001,-56.67786720000004,44.870256000000154,
,Municipalidad de Vitacura - 2,Vitacura,Bicentenario 3800,-3339938,-7060154,14,7,-3711.3391056,-7845.2431248,39.608724000000166,68.01432960000056,
,Proyecto CE Hotel Icon - 2,Las Condes,Alonso de Córdova 6050,-3340788,-7056829,22,22,-3712.2836256,-7841.5483848,38.664204000000154,71.70906960000048,
,"Enel X-Plaza España, Concepción 1",Concepción,Barros Arana #13,-3682937,-7305897,44,22,-4092.4795943999998,-8118.3127464,-341.53176479999956,-205.0552919999991,
,Proyecto Cargadores VE Hotel Regal Pacific - 2,Las Condes,Avenida Apoquindo 5680,-3340941,-7057111,22,22,-3712.4536392,-7841.8617432,38.49419040000021,71.39571120000073,
,Cargador Vehicular Hotel Intercontinental - 2,Las Condes,Avenida Vitacura 2885,-3341251,-7060296,22,22,-3712.7981112,-7845.4009152,38.14971839999998,67.85653920000095,
,IRVE EDIF. LOS MILITARES - CBRE - 2,Las Condes,LOS MILITARES 4611,-3341278,-7058235,22,22,-3712.8281136,-7843.110732,38.11971600000015,70.14672240000073,
,Patio Alonso de Cordova - 2,Vitacura,alonso de cordova 3788,-3340187,-7059291,7,7,-3711.6157944,-7844.2841592,39.332035200000064,68.9732952000004,
,Electrolinera Colon - 2,Las Condes,Colon 4333,-3342377,-7058047,22,22,-3714.0493224,-7842.9018264,36.89850720000004,70.35562800000116,
,Cargador Público ENGIE,Las Condes,Presidente Riesco con Rosario Norte (Av. Pdte. Riesco #5810),-3340388,-7057396,44,44,-3711.8391456,-7842.1784351999995,39.10868400000027,71.07901920000131,
,Hotel Mandarin Oriental ex Hyatt - 1,Las Condes,Kennedy 4601,-3340395,-7058281,44,22,-3711.8469240000004,-7843.1618472,39.100905599999805,70.09560720000081,
,Universidad de Los Andes - 1,Las Condes,San Carlos de Apoquindo 2300,-3340417,-7050836,44,22,-3711.8713704,-7834.888963200001,39.076459200000045,78.36849119999988,
,Enel X-Ómnium,Las Condes,Av. Apoquindo #4900,-3341159,-7057807,44,22,-3712.6958808000004,-7842.6351384,38.25194879999981,70.62231600000086,
,Presidente Riesco con Manquehue Norte - 1,Las Condes,Avenida Presidente Riesco s/n,-3340086,-7056706,45,22,-3711.5035632,-7841.4117072,39.44426640000029,71.84574720000091,
,Municipalidad de Pucón - 1,Pucón,Palguin Esq. O'Higgins 415,-3927614,-7197335,44,22,-4364.3646768,-7997.6786520000005,-613.4168471999997,-84.42119759999969,
,Municipalidad de San Pedro de la Paz - 1,San Pedro de la Paz,Los Acacios 43,-3684156,-7310282,44,22,-4093.8341472,-8123.1853584,-342.8863176,-209.92790399999922,
,Enel X Way - Espacio Urbano La Laguna - 1,Colina,colina sur 14600,-3327782,-706278,70,30,-3697.8313584,-784.8161136,53.11647119999998,7128.441340800001,
,Electrolinera-39 - 1,Las Condes,Avenida Presidente Riesco s/n,-3340137,-7056781,45,22,-3711.5602344,-7841.4950472,39.387595200000305,71.76240720000078,
,CARGADOR VEHICULOS ELECTRICOS - 1,Vitacura,Vitacura 3350,-3340552,-7059834,50,50,-3712.0213824,-7844.8875408,38.926447199999984,68.36991360000047,
,Electrolinera-40 - 1,Las Condes,Cerro Colorado s/n,-3340423,-7058000,45,22,-3711.8780376,-7842.8496,39.069792000000234,70.40785440000127,
,Mar de los Sargazos con Rosario Sur - 1,Las Condes,Mar de los Sargazos S/N,-3341039,-7056998,45,22,-3712.5625368,-7841.7361776,38.385292800000116,71.52127680000103,
,La Castellana Esquina Apoquindo - 1,Las Condes,La Castellana Sur s/n,-3341191,-7057688,45,22,-3712.7314392000003,-7842.5029056,38.21639039999991,70.75454880000052,
,Enel X Way - Sodimac Chicureo - 1,Colina,Chicureo 99,-3328431,-7068088,"7,4","7,4",-3698.5525272000004,-7854.0593856000005,52.395302399999764,59.19806880000033,
,Presidente Riesco Esquina Asturias - 1,Las Condes,Avenida Presidente Errazuriz s/n,-3341885,-7058370,45,22,-3713.5026119999998,-7843.260744,37.44521760000043,69.99671040000067,
,Inversión Vida Parque SA - 1,Las Condes,Av. Plaza N/A,-3339270,-7050372,48,22,-3710.596824,-7834.3733664,40.35100560000001,78.8840880000007,
,Presidente Errazuriz frente al Nº 3753 - 1,Las Condes,Presidente Errazuriz N/A,-3342027,-7058846,48,44,-3713.6604024000003,-7843.7896752,37.28742719999991,69.46777920000113,
,Estadio Francés - 1,Las Condes,Presidente Errazuriz N/A,-3342129,-7059530,48,22,-3713.7737448000003,-7844.549736,37.174084799999946,68.70771840000089,
,Alejandro Fleming Frente N° 7501 - 1,Las Condes,Alejandro Fleming N/A,-3342545,-7055409,48,22,-3714.2360040000003,-7839.970480800001,36.711825599999884,73.28697360000024,
,Entrada Jumbo - 1,Las Condes,Juan de Austria N/A,-3343089,-7057912,48,22,-3714.8404968,-7842.7518144000005,36.10733280000022,70.50564000000031,
,Cargador Urbano Cerro Navia Rolando Petersen - 1,Cerro Navia,Rolando Petersen S/N,-3341348,-7074713,44,22,-3712.9058976,-7861.421085600001,38.04193200000009,51.836368799999946,
,Parque Metropolitano_Jardín Mapulemo - 1,Recoleta,Pio Nono 450 p2,-3341383,-7062080,44,22,-3712.9447896000006,-7847.383296,38.0030399999996,65.87415840000085,
,Cargador Eléctrico Voltex Cementerio Catolico - 1,Recoleta,Valdivieso frente al 555,-3341387,-7064208,44,22,-3712.9492344,-7849.7479296,37.99859520000018,63.50952480000069,
,Cargador Electrico Shell Los Dominicos - 1,Las Condes,Patagonia 75,-3340918,-7054478,50,50,-3712.4280816,-7838.9359536,38.51974800000016,74.32150080000065,
,Cargador Eléctrico Shell Chillán - 1,San Carlos,PC 1 Santa Isabel Parte 895,-3649907,-7203241,98,50,-4055.7766584000005,-8004.241399200001,-304.82882880000034,-90.98394480000024,
,Enel X Way - Petrobras Rotonda Atenas - 2,Las Condes,Cristóbal Colon 7550,-3341754,-7055222,50,43,-3713.3570448,-7839.762686399999,37.590784800000165,73.49476800000139,
,Parque Metropolitano- Entrada Pedro de Valdivia - 1,Providencia,Pedro de Valdivia Norte 699,-3341533,-7061739,44,22,-3713.1114696000004,-7847.0043768000005,37.836359999999786,66.25307760000032,
,Enel X - Petrobras Abadía - 2,Las Condes,Avenida Las Condes 9595,-3338842,-7053921,70,60,-3710.1212304,-7838.3170152,40.826599200000146,74.94043920000058,
,IRVE Strip Center Padre Hurtado - 1,Las Condes,Avenida Padre Hurtado Sur 1621,-3342325,-7053849,70,60,-3713.99154,-7838.2370088,36.95628960000022,75.02044560000104,
,CARGADOR VEHICULOS ELECTRICOS - 1,Chillan Viejo,RUTA 5 SUR 408,-3663013,-7218192,50,43,-4070.3400456,-8020.854950400001,-319.39221599999973,-107.59749600000032,
,CARGADOR VEHICULOS ELECTRICOS - 1,Victoria,RUTA 5 SUR 614,-3828095,-723668,98,43,-4253.7791640000005,-804.1398816,-502.8313344000003,7109.117572800001,
,EDS Shell Parral - 1,Parral,Ruta 5 sur Km 344,-3617881,-7182341,98,43,-4020.1893672,-7981.017319200001,-269.2415375999999,-67.75986480000029,
,Enel X - Petrobras Isabel la Católica - 2,Las Condes,"Av, Manquehue Sur 1590",-3342487,-7056338,70,60,-3714.1715544,-7841.002785600001,36.77627520000033,72.25466880000022,
,Cargador Urbano Profesor Zañartu - 1,Independencia,Profesor Zañartu 1130,-3341782,-7065446,44,22,-3713.3881584000005,-7851.1235952,37.559671199999684,62.1338592000011,
,Cargador Urbano Enrique Soros - 1,Independencia,Enrique Soros 1070,-3341796,-7067166,44,22,-3713.4037152000005,-7853.034859200001,37.54411439999967,60.22259519999989,
,ELECTROLINERA SHELL SAN FRANCISCO DE MOSTAZAL - 1,Mostazal,"PANAMERICANA SUR KM 69,1 N/A",-3397138,-7070762,67,50,-3774.8997456,-7857.0307344,-23.951915999999983,56.22672000000057,
,ELECTROLINERA SHELL TENO - 1,Teno,PANAMERICANA SUR 175,-3487642,-7114431,50,43,-3875.4677904,-7905.555727200001,-124.51996079999981,7.701727200000278,
,ENEX SHELL HIJUELAS - 1,Hijuelas,Panamericana norte km 108,-3279829,-7115876,50,50,-3644.5459848,-7907.1614112,106.40184480000016,6.096043200001077,
,COPEC SAN RAMON - LAS CONDES - 1,Las Condes,SAN RAMON 2701,-3340754,-7051114,"21,78",11,-3712.2458448,-7835.197876800001,38.70198479999999,78.05957760000001,
,Instalacion electrica Electrolinera - 1,San Rafael,RUTA 5 SUR KM 239.5 s/n,-3533077,-7155273,98,50,-3925.9551624,-7950.9393576,-175.00733279999986,-37.6819031999994,
,SAVE ESTACION DE SERVICIO ENEX CONCON - 1,Concón,San Jose Maria Escriva de Balaguer 861,-329507,-715377,98,43,-366.14817840000006,-794.9269224000001,3384.7996512,7118.330532000001,
,SAVE ESTACION DE SERVICIO ENEX HUENTELAUQUEN - 1,Canela,RUTA 5 NORTE KM 265 265,-3157138,-715381,98,43,-3508.2117456,-794.9313672,242.73608400000012,7118.326087200001,
,Estacionamientos EME - 2,Las Condes,Isidora Goyenechea 2939,-3341422,-7060025,"3,5","3,5",-3712.9881264,-7845.09978,37.95970320000015,68.15767440000127,
,COPEC CANTA GALLO - LAS CONDES - 1,Las Condes,AV. LAS CONDES 12145,-3337418,-7051980,"43,56",22,-3708.5388816000004,-7836.160176,42.40894799999978,77.0972784000005,
,Mall Sport - 1,Las Condes,Avenida Las Condes 13451,-3337041,-7050717,"6,6","6,6",-3708.1199592000003,-7834.7567304,42.82787039999994,78.50072400000045,
,Parking Saba Ricardo Lyon - 3,Providencia,avenida providencia 2203,-3342187,-7060980,7,7,-3713.8381944,-7846.160976,37.10963520000041,67.0964784000007,
,Proyecto Cargadores VE Hotel Torre Mayor 25 - 2,Providencia,Avenida Ricardo Lyon 25,-3342198,-7060989,22,22,-3713.8504176,-7846.170976800001,37.09741200000008,67.08647759999985,
,Cargador Eléctrico Aviador - 1,Quinta Normal,Aviador Bleriot frente a 2215,-3342286,-7069296,"43,56","21,78",-3713.9482032,-7855.4017152,36.999626400000125,57.85573920000115,
,Automóvil Club Chile - 1,Providencia,Andr¿s Bello 1863,-3342294,-7061701,14,7,-3713.9570928000003,-7846.9621512,36.99073679999992,66.29530320000049,
,Enel X - Sodimac Las Condes - 2,Las Condes,Av. Las Condes 11049,-3337999,-7052888,"7,4","7,4",-3709.1844888,-7837.169145600001,41.76334080000015,76.08830880000005,
,Parking Saba Pedro de Valdivia - 3,Providencia,Avenida providencia 2001,-3342361,-7061207,7,7,-3714.0315431999998,-7846.4132184,36.916286400000445,66.84423600000082,
,Autoplanet Las Condes - 2,Las Condes,Avenida Las Condes 10462,-3338263,-7053340,"7,4","7,4",-3709.4778456,-7837.671408000001,41.469984000000295,75.58604639999976,
,Mall Barrio Independencia - 1,Independencia,Independencia 565,-3342463,-7065481,14,7,-3714.1448856,-7851.1624872,36.802944000000025,62.09496720000061,
,Enel x - Plus Parken-2,Las Condes,Cerro el plomo 5931,-3340446,-7057050,"7,4","7,4",-3711.9035952000004,-7841.79396,39.04423439999982,71.46349440000085,
,Parking Saba Marchant Pereira - 3,Providencia,Avenida providencia 1909,-3342508,-7061364,7,7,-3714.1948896000004,-7846.587676800001,36.75293999999985,66.66977760000009,
,Enel X - Hotel NH Plaza Santiago - 2,Las Condes,Avenida Vitacura 2610,-3341649,-7060496,"7,4","7,4",-3713.2403688,-7845.6231552,37.70746080000026,67.6342992000009,
,Mc Donalds Independencia - 2,Independencia,avenida independencia 397,-3342653,-7065420,"7,4","7,4",-3714.3560136,-7851.094704,36.59181600000011,62.16275040000073,
,Estación de Servicio Enel X Station - 9,Pudahuel,Av. Americo Vespucio 1289,-3342819,-7078205,60,60,-3714.5404728000003,-7865.301396,36.40735679999989,47.956058400000984,
,IRVE Petrobras Chicureo - 1,Colina,AV. CHICUREO 2300,-332855,-7067739,70,60,-369.868476,-7853.6715768,3381.0793536,59.58587760000046,
,Hotel Lago Grey - 1,Torres del Paine,Sector Lago Grey S/N,-5112257,-7311596,"7,4","7,4",-5680.7399784,-8124.6454752,-1929.7921487999997,-211.38802079999914,
,Hotel Puyehue - 1,Puyehue,Ruta internacional 215 Km 76,-4071135,-7232944,"7,4","7,4",-4523.845212,-8037.247372800001,-772.8973824,-123.98991840000053,
,Enel X - Hotel AWA - 1,Puerto Varas,ruta 225 27,-4121479,-7271579,"7,4","7,4",-4579.787464800001,-8080.1785848,-828.8396352000004,-166.92113039999913,
,Enel X Way - Ilustre Municipalidad de Pica - 1,Pica,Esmeralda 474,-2048862,-6932672,30,15,-2276.6954544,-7703.5851264,1474.2523752000002,209.67232800000056,
,SAVE MALL PLAZA CALAMA - 1,Calama,Av Balmaceda 3242,-2244874,-6892074,"7,4","7,4",-2494.5039888,-7658.4726288,1256.4438408,254.78482560000066,
,OUTLET PASEO ALERCE - 1,Puerto Montt,"AV. FERROCARRIL KM. 3,5 2001",-4144305,-7291147,22,22,-4605.151716,-8101.9225464,-854.2038864000001,-188.66509199999928,
,Cargador Urbano Cerro Navia Estados Unidos - 1,Cerro Navia,Estados Unidos 1365,-3343004,-7073747,44,22,-3714.7460448,-7860.3476664,36.20178480000004,52.909788000000844,
,IRVE EDIFICIO SWITCH - 2,Las Condes,AVENIDA AMERICO VESPUCIO SUR 345,-3341832,-7058336,"7,4","7,4",-3713.4437184000003,-7843.222963200001,37.5041111999999,70.03449120000005,
,Edificio Deja Vu,Providencia,Miguel claro 275,-3343204,-7062044,"7,4","7,4",-3714.9682848,-7847.343292800001,35.979544799999985,65.91416159999972,
,Enel X Way - Saba parque forestal - 3,Santiago,Cardenal José María Caro 870,-3343371,-7064840,"7,4","7,4",-3715.1538552,-7850.450208000001,35.793974400000025,62.80724639999971,
,"Copec Costanera Norte, Pudahuel",Pudahuel,Costanera Norte km 34,-3343393,-7081048,50,50,-3715.1783016000004,-7868.4605376,35.76952799999981,44.79691680000087,
,Saba Plaza de Armas - 3,Santiago,21 de mayo 576,-3343536,-7064991,7,7,-3715.3372031999997,-7850.617999200001,35.610626400000456,62.63945520000016,
,SABA Plaza de Armas 1 - 2,Santiago,21 de Mayo 576,-3343628,-7065014,7,7,-3715.4394336,-7850.643556800001,35.508396000000175,62.6138976000002,
,VOLTEX CTEC CAREN - 1,Pudahuel,RUTA 68 18501,-3343693,-7083869,44,22,-3715.5116616000005,-7871.595232800001,35.436167999999725,41.66222159999961,
,Saba Santa Lucia - 3,Santiago,victoria subercaseaux 400,-3343821,-7064277,7,7,-3715.6538952000005,-7849.8246024,35.29393439999967,63.43285200000082,
,Enel X - Starbucks La Reina - 1,La Reina,Príncipe de gales 6803,-3343876,-7056181,"7,4","7,4",-3715.7150112,-7840.8283272,35.23281840000027,72.42912720000095,
,Electrolinera-53 - 1,Providencia,Avenida Francisco Bilbao 1439,-3343934,-7061451,7,7,-3715.7794608000004,-7846.6843512000005,35.168368799999826,66.57310320000033,
,Estacionamiento Unimarc -La Reina - 1,La Reina,Av. Principe de Gales con Aguas Claras S/N,-3343937,-7055639,22,"7,4",-3715.7827944,-7840.226056800001,35.16503520000015,73.03139759999976,
,Mall del Centro - 1,Concepción,Barros Arana 1068,-3682469,-7304527,14,7,-4091.9595528000004,-8116.7904024,-341.01172320000023,-203.53294799999912,
,Boulevard Marina - 1,Vina del Mar,Libertad 1348,-3300917,-715485,14,7,-3667.9789704000004,-795.0469320000001,82.96885919999977,7118.210522400001,
,Mall Curicó - 1,Curicó,Villota 798,-3498804,-7124589,44,22,-3887.8710048000003,-7916.843296800001,-136.92317520000006,-3.5858423999998195,
,Mall Marina - 1,Vina del Mar,Libertad 1348,-3300932,-7154674,14,7,-3667.9956384,-7950.2737488,82.95219120000002,-37.016294399999424,
,Enel X - Sodimac Antofagasta - 1,Antofagasta,Avenida Pedro Aguirre Cerda 10578,-2356543,-7038967,"7,4","7,4",-2618.5905816,-7821.7001304000005,1132.3572480000003,91.55732400000034,
,SAVE Mall Plaza La Serena - 1,La Serena,alberto solari 1400,-2991254,-7125842,"7,4","7,4",-3323.8814448000003,-7918.2356304,427.0663847999999,-4.978175999999621,
,Saba Plaza Mekis - 3,Santiago,Agustinas 735,-3344038,-7064727,7,7,-3715.8950256,-7850.3246424,35.05280400000038,62.93281200000092,
,SAVE SUPERM.LIDER PRINCIPE DE GALES WALMART-COLBUN - 1,La Reina,Príncipe de Gales 9140,-3344127,-7053553,24,24,-3715.9939224,-7837.9080936,34.95390720000023,75.3493608000008,
,IRVE Petrobras Príncipe de Gales - 2,La Reina,Av. Principe de Gales 9200,-3344154,-7053489,22,22,-3716.0239248000003,-7837.8369768,34.923904799999946,75.4204776000006,
,Paine - 1,Paine,Avenida Baquedano frente 348,-338072,-7074227,"43,56","21,78",-375.6656064,-7860.8810424,3375.2822232000003,52.37641200000053,
,Plaza Carlos Ossandón - 1,La Reina,AV. ECHENIQUE CON CARLOS OSSANDON S/N,-3344196,-7054344,22,"7,4",-3716.0705952000003,-7838.787052800001,34.87723439999991,74.4704015999996,
,Enel X-Moneda - Teatinos,Santiago,"Moneda #1326, esquina Teatinos",-3344228,-7065490,44,22,-3716.1061536,-7851.172488000001,34.84167600000001,62.08496639999976,
,CARGADORES ELECTRICOS MALL PLAZA COPIAPO - 1,Copiapó,MAIPU 109,-2736866,-7033909,"7,4","7,4",-3041.2054992000003,-7816.0796808000005,709.7423303999999,97.17777360000036,
,ELECTROLINERA MALL PLAZA ARICA - 1,Arica,Avenida Diego Portales 640,-1846971,-7030857,"7,4","7,4",-2052.3541752,-7812.6882984,1698.5936544,100.56915600000048,
,Cargadores Vehiculares Hotel San Francisco - 2,Santiago,Avenida Libertador Bernardo Ohiggins 816,-3344379,-7064849,22,22,-3716.2739448,-7850.4602088,34.673884799999996,62.79724560000068,
,Edificio Enel - 1,Santiago,San Isiidro 85,-3344436,-7064454,98,43,-3716.3372832,-7850.0212848,34.6105464000002,63.23616960000072,
,Saba Santa Rosa - 3,Santiago,Santa Rosa 76,-3344476,-7064557,7,7,-3716.3817312,-7850.1357384,34.5660984000001,63.12171600000056,
,Cargador Urbano San Pablo - 1,Pudahuel,San Pablo 8444,-3344567,-7074401,44,22,-3716.4828504,-7861.0743912,34.464979200000016,52.183063200001016,
,Luz Del Norte - 1,Copiapó,Ruta C-17 46,-2701836,-6990014,44,22,-3002.2801632,-7767.3035568000005,748.6676664000001,145.95389760000035,
,Cargador Urbano Los Ediles - 1,Pudahuel,Los Ediles 747,-3344625,-7074481,44,22,-3716.5473,-7861.1632872,34.40052960000003,52.09416720000081,
,SAVE EXPRESS SANTA ISABEL - 1,Providencia,Santa Isabel 168,-3344679,-7062932,24,24,-3716.6073048000003,-7848.3300384,34.34052479999991,64.92741600000045,
,Saba Paseo Bulnes 141,Santiago,Paseo bulnes 141,-3344743,-7065330,7,7,-3716.6784216,-7850.994696000001,34.26940800000011,62.262758400000166,
,Hotel Patagonico - 1,Talca,Dos Norte 3835,-3543508,-7161566,44,22,-3937.5460896000004,-7957.932139200001,-186.5982600000002,-44.67468480000025,
,PUNTO DE RECARGA DOBLE EV-BOX_1 MPAN - 1,Antofagasta,Av Balmaceda 2355,-2364621,-7040109,"7,4","7,4",-2627.5668552,-7822.9691208,1123.3809744,90.28833360000044,
,Electrolinera Mall Plaza Los Angeles - 1,Los Ángeles,Valdivia 440,-3746803,-7235279,"7,4","7,4",-4163.4474936,-8039.8420248,-412.4996639999995,-126.5845703999994,
,Electrolineras Mall Trebol - 1,Concepción,Jorge Alessandri 3177,-3679204,-730656,"7,4","7,4",-4088.3314848,-811.9049472,-337.3836551999998,7101.352507200001,
,Cargador Eléctrico Voltex Biblioteca Usach - 1,Estación Central,Enrique Kirberg frente al 4,-3345024,-7068283,44,22,-3716.9906688,-7854.2760696000005,33.95716080000011,58.98138480000034,
,ESTACIÓN DE CARGA PARA VEHÍCULOS PLAZA ALAMEDA - 2,Estación Central,Avenida Libertador Bernardo O´Higgins 3470,-3345273,-7068224,"7,4","7,4",-3717.2673575999997,-7854.2105088,33.680472000000464,59.04694560000098,
,Bodegas San Francisco - 1,Pudahuel,Puerto Madero 9710,-3345277,-7078616,44,22,-3717.2718024,-7865.758099200001,33.676027200000135,47.49935519999963,
,IRVE Tottus Vicuña Mackena - 2,Santiago,Avenida Vicuña Mackena 885,-3345304,-7063080,22,22,-3717.3018048000004,-7848.494496,33.64602479999985,64.76295840000057,
,Enel x way - Tottus Nataniel Cox (Santiago) - 2,Santiago,Nataniel Cox 620,-3345378,-7065204,70,60,-3717.3840336000003,-7850.8546848000005,33.56379599999991,62.40276960000028,
,SAVE LIDER IRARRAZAVAL - 1,Nunoa,Avenida Irarrázaval 2928,-3345432,-7060044,24,24,-3717.4440384000004,-7845.120892800001,33.503791199999796,68.13656160000028,
,Bodegas San Francisco,Pudahule,Camino La Farfana 390,-3345543,-7080337,22,22,-3717.5673816000003,-7867.670474400001,33.38044799999989,45.58698000000004,
,IRVE Espacio Urbano Las Rejas - 1,Estación Central,Ecuador 5140,-3345606,-7070501,70,60,-3717.6373872000004,-7856.7407112,33.31044239999983,56.51674320000075,
,BSF - 1,Pudahuel,Americo Vespucio 400,-3345607,-7076757,44,22,-3717.6384984,-7863.6923784,33.30933120000009,49.56507600000077,
,Enel X - Autoplanet Macul-2,Nuñoa,Av José pedro Alessandri 131,-3345615,-7059812,"7,4","7,4",-3717.6473880000003,-7844.863094400001,33.300441599999886,68.39436000000023,
,Cargador Eléctrico Voltex Instituto Teleton - 1,Estación Central,"Avda. Libertador Bernardo O""Higgins frente al 4620",-3345627,-7069906,44,22,-3717.6607224,-7856.0795472,33.287107200000264,57.177907200000845,
,Enel X - Sodimac La Reina - 1,La Reina,av. Jorge Alessandri 1347,-3346254,-7054487,22,22,-3718.3574448000004,-7838.9459544,32.59038479999981,74.3115000000007,
,COPEC SAN EUGENIO - ÑUÑOA - 1,Nunoa,SAN EUGENIO 1602,-3346699,-7062305,"21,78",11,-3718.8519287999998,-7847.633316,32.095900800000436,65.62413840000045,
,Los Platanos - 1,Macul,Los Platanos frente a 3130,-3348225,-7059950,"43,56","21,78",-3720.54762,-7845.01644,30.40020960000038,68.2410144000005,
,Av. Quilin - 1,Macul,Av. Quilin frente al 3250,-3348513,-7059783,"43,56","21,78",-3720.8676456,-7844.8308696,30.080184000000372,68.42658480000046,
,Petrobras Peñalolen - 2,Penalolén,avda tobalaba 12150,-3348649,-7055887,70,60,-3721.0187688,-7840.5016344000005,29.929060800000116,72.75582000000031,
,Cargador Eléctrico Plaza Juan Renz - 1,Macul,Poeta Augusto Winter frente 3941,-3349003,-7059367,"43,56","21,78",-3721.4121336000003,-7844.368610400001,29.535695999999916,68.88884400000006,
,Universidad Adolfo Ibañez - 1,Penalolén,Diagonal Las Torres 2700,-3349013,-7051898,44,22,-3721.4232456,-7836.0690576,29.52458400000023,77.1883968000011,
,Av. Los Pajaritos - 1,Maipú,Avda. Los Pajaritos S/N 000,-3349224,-7075532,"43,56","21,78",-3721.6577088,-7862.3311584,29.290120800000295,50.92629600000055,
,Plaza Felix Margoz-Cerrillo - 1,Cerrillos,AV. PEDRO AGUIRRE CERDA CON FELIX MARGOZ S/N,-3349439,-7070549,22,"7,4",-3721.8966168,-7856.7940488,29.05121280000003,56.46340560000044,
,VOLTEX PUC-2,Macul,VICUÑA MACKENNA 4860,-3349726,-7061032,"7,4","7,4",-3722.2155312,-7846.2187584,28.732298400000218,67.03869600000053,
,DUOC-UC. San Joaquín - 1,San Joaquín,Vicu¿a Mackenna 4917,-3350026,-7061647,22,22,-3722.5488912,-7846.9021464,28.398938400000134,66.35530800000106,
,Enel X Mc Donald Pajaritos - 1,Maipú,Pajaritos 2872,-3350085,-7075760,44,22,-3722.614452,-7862.584512,28.333377600000404,50.672942400000466,
,CASTRO BNUP SAESA - 1,Castro,Gamboa 0000,-4248181,-7376808,44,22,-4720.578727200001,-8197.1090496,-969.6308976000005,-283.8515951999989,
,Oficina Comercial Edelaysen,Coyhaique,Francisco Bilbao 451,-455729,-7207092,44,22,-506.4060648,-8008.520630400001,3244.5417648000002,-95.26317600000039,
,Oficina Comercial SAESA Osorno,Osorno,Eleuterio Ramírez 705,-4057306,-7313868,44,22,-4508.478427200001,-8127.170121600001,-757.5305976000004,-213.91266720000021,
,Oficina Comercial SAESA Valdivia,Valdivia,Yungay 646,-3981552,-732483,44,22,-4424.3005824,-813.9351096,-673.3527528,7099.322344800001,
,Proyecto Ancud cargadores SAESA - 1,Ancud,Libertad 370,-4186844,-7382918,44,22,-4652.4210528,-8203.898481600001,-901.4732232000001,-290.6410272000003,
,Proyecto Aysen cargadores SAESA - 1,Aysén,Bernardo O´Higgins 520,-4540607,-726976,44,22,-5045.522498400001,-807.8157312000001,-1294.5746688000004,7105.4417232000005,
,Proyecto Loncoche cargadores SAESA - 1,Loncoche,Ignacio Serrano 340,-3937022,-7262958,44,22,-4374.8188464,-8070.598929600001,-623.8710168000002,-157.34147519999988,
,Proyecto Paillaco cargadores SAESA - 1,Paillaco,Arturo Prat 750,-4007117,-7287336,44,22,-4452.7084104000005,-8097.6877632000005,-701.7605808000003,-184.4303087999997,
,Proyecto Panguipulli cargadores SAESA - 1,Panguipulli,Bernardo O´Higgins 780,-3964191,-7233211,44,22,-4405.0090392,-8037.544063200001,-654.0612096,-124.28660880000007,
,PUYEHUE BNUP SAESA - 1,Puyehue,Entre Lagos 0000,-4068346,-7260423,44,22,-4520.746075200001,-8067.7820376,-769.7982456000004,-154.52458319999914,
,SAESA Puerto Varas 1 - 1,Puerto Varas,Del Salvador 219,-4131819,-7298258,44,22,-4591.2772728,-8109.8242896,-840.3294431999998,-196.56683519999933,
,Enel X - Espacio Urbano Los Andes - 1,Los Andes,Avenida santa teresa 683,-3283536,-7060524,70,30,-3648.6652031999997,-7845.6542688,102.28262640000048,67.60318560000087,
,Primera Transversal - 1,Maipú,Primera Transversal frente 1970,-3350926,-7075314,"43,56","21,78",-3723.5489712,-7862.0889168,27.398858400000336,51.16853760000049,
,IRVE Espacio Urbano Maipú - 1,Maipú,Avenida Los Pajaritos 1780,-3351088,-7075785,70,60,-3723.7289856,-7862.612292000001,27.21884399999999,50.64516240000012,
,Enel X WAY - Espacio Urbano Antofagasta - 1,Antofagasta,Jose Ignacio Zenteno 21,-2363683,-7039641,70,30,-2626.5245496000002,-7822.449079200001,1124.42328,90.80837520000023,
,Enel X Way - CARGADOR ESPACIO URBANO SAN MIGUEL - 1,San Miguel,Gran Av. José Miguel Carrera 6150,-3351185,-7065681,70,60,-3723.8367719999997,-7851.3847272,27.11105760000055,61.872727200000554,
,Maria Pinto - 1,María Pinto,Av. Francisco Costabal frente 78,-3351715,-7112376,"43,56","21,78",-3724.425708,-7903.2722112,26.52212159999999,9.985243200000696,
,Enel X Way - Espacio Urbano Linares - 1,Linares,Av. Anibal Leon Bustos 280,-3584391,-7160598,70,30,-3982.9752792000004,-7956.8564976,-232.02744960000018,-43.59904319999896,
,Enel X Way - Espacio Urbano Punta Arenas - 1,Punta Arenas,Av pdte Eduardo Frei Montalva 01110,-531315,-7090911,70,30,-590.397228,-7879.4203032000005,3160.5506016,33.837151200000335,
,Enel X Way - Espacio Urbano Viña del Mar - 1,Vina del Mar,Avenida Benidorm 961,-3300612,-7154494,70,30,-3667.6400544,-7950.0737328000005,83.30777520000038,-36.816278399999646,
,Enel X - Pompello Camino Melipilla - 3,Maipú,Camino a Melipilla 11585,-3352354,-7075063,"3,7","3,7",-3725.1357648000003,-7861.8100056,25.812064799999916,51.44744880000053,
,IRVE Espacio Urbano Machalí - 1,Machalí,Miguel Remírez 1550,-3417614,-7070446,70,60,-3797.6526768,-7856.6795952,-46.704847199999676,56.5778592000006,
,San Pedro - 1,San Pedro,Avenida San Pedro frente a 46,-3389734,-7145391,"43,56","21,78",-3766.6724208000005,-7939.9584792000005,-15.724591200000305,-26.701024799999686,
,Mc Donalds Vicuña Mackenna - 2,La Florida,Av. vicuña mackenna 8153,-3352875,-7059615,"7,4","7,4",-3725.7147,-7844.644188000001,25.23312960000021,68.6132663999997,
,Express Lider Rojas Magallanes - 1,La Florida,Av. Sánchez Fontecilla 8968,-3353467,-7055362,24,24,-3726.3725304000004,-7839.9182544000005,24.57529919999979,73.33920000000035,
,IRVE Tottus La Cisterna - 1,La Cisterna,avda.gran avenida jose miguel carrera 8925,-3353895,-7066506,70,60,-3726.8481240000006,-7852.3014672,24.099705599999652,60.95598720000089,
,Enel X-Globalvia Zapallar,Zapallar,Ruta 5 norte km 143,-3252321,-7126149,55,50,-3613.9790952000003,-7918.5767688,136.9687343999999,-5.319314399998802,
,IRVE GOYCOLEA 100 - 1,La Cisterna,GOYCOLEA 100,-3354033,-7066370,22,22,-3727.0014696000003,-7852.150344,23.946359999999913,61.10711040000115,
,Enel X- Autoplanet Maipu - 2,Maipú,camino melipilla 17800,-3354954,-7078875,"7,4","7,4",-3728.0248848,-7866.0459,22.922944800000096,47.21155440000075,
,Cargador Eléctrico General Korner - 1,El Bosque,General Korner frente a 286,-3355054,-7067642,"43,56","21,78",-3728.1360048,-7853.5637904000005,22.811824800000068,59.693664000000354,
,Enel X Way - Petrobras Ciudad Satelite - 2,Maipú,Parque central 21,-3355456,-7079538,70,70,-3728.5827072,-7866.782625600001,22.36512240000002,46.47482880000007,
,Enel X - Autoplanet Concepcion - 1,Concepción,avenida paicavi 1796,"-36,81",-7305032,"7,4","7,4",,-8117.351558400001,,-204.0941039999998,
,Enel X - Autoplanet Los Andes - 1,Los Andes,avenida santa teresa 1279,-328397,-7060871,"7,4","7,4",-364.9147464,-7846.0398552,3386.0330832,67.21759920000113,
,Cargador Electrico Javiera - 1,El Bosque,Javiera Carrera al oriente del 910,-3355718,-7066480,"43,56","21,78",-3728.8738416,-7852.272576,22.0739880000001,60.984878400000525,
,COPEC CAMILO HENRIQUEZ - PUENTE ALTO - 1,Puente Alto,CAMILO HENRIQUEZ 4583,-3355784,-7055931,"43,56",22,-3728.9471808000003,-7840.5505272,22.000648799999908,72.70692720000079,
,Aeropuerto Concepcion - 1,Talcahuano,Presidente Jorge Alessandri Rodriguez 5001,-3677725,-7305999,44,22,-4086.68802,-8118.4260888,-335.74019039999985,-205.16863439999906,
,Enel X - Sodimac Castro - 1,Castro,Ruta 5 norte 2456,-4245862,-7377166,"7,4","7,4",-4718.0018544,-8197.5068592,-967.0540248000002,-284.24940479999987,
,SAVE MALL PLAZA TOBALABA - 2,Puente Alto,AVENIDA CAMILO HENRIQUEZ 3692,-3356926,-7055583,"7,4","7,4",-3730.2161712,-7840.1638296,20.731658400000015,73.09362480000073,
,Enel X - Sodimac Puerto Montt - 1,Puerto Montt,avenida presidente ibañez 650,-4146162,-7294649,"7,4","7,4",-4607.2152144,-8105.8139688,-856.2673848,-192.5565143999993,
,Enel X Way - Sodimac Iquique - 1,Iquique,Heroes de la concepcion 2311,-2023086,-70142,"7,4","7,4",-2248.0531632,-77.9417904,1502.8946664,7835.315664000001,
,Shell Autopista Central - 1,San Bernardo,Ruta 5 sur KM 16.4 s/n,-3358058,-7071387,94,43,-3731.4740496000004,-7857.725234400001,19.473779999999806,55.53222000000005,
,Enel X Way - UCSC - 1,Concepción,Alonso de Ribera 2850,-3679827,-7305849,22,22,-4089.0237624,-8118.2594088,-338.0759327999999,-205.0019543999988,
,UAI Viña Del Mar - 1,Vina del Mar,Camino Padre Hurtado 750,-3301948,-7153027,14,7,-3669.1246176,-7948.4436024,81.82321200000024,-35.186147999998866,
,Enel X - UFRO Temuco - 1,Temuco,Uruguay 1720,-3874647,-7261764,44,22,-4305.5077464000005,-8069.272156800001,-554.5599168000003,-156.0147023999998,
,Enel X Way Privado- ESPACIO URBANO PTE ALTO - 1,Puente Alto,AV. CONCHA Y TORO 1149,-3360006,-7057581,60,60,-3733.6386672000003,-7842.3840072,17.309162399999877,70.87344720000056,
,Enel XWay ELECTROLINERA PETROBRAS CONCHA Y TORO - 2,Puente Alto,AV. CONCHA Y TORO 555,-3360608,-7057636,70,50,-3734.3076096000004,-7842.4451232,16.640219999999772,70.8123312000007,
,Cargador Eléctrico San Jose de Maipo - 1,San José de Maipo,Uno Sur frente a 0151,-3364081,-7035401,"43,56","21,78",-3738.1668072,-7817.7375912,12.781022399999983,95.51986320000105,
,SAVE HIPER LIDER BIOBIO-COLBUN - 1,Talcahuano,RUTA 154 N°9000 - HUALPEN .,-3679657,-7306966,24,24,-4088.8348584000005,-8119.500619200001,-337.8870288000003,-206.24316480000016,
,SAVE HIPER LIDER LA SERENA-COLBUN - 1,La Serena,AV. Guillermo Ulriksen 3128,-2994444,-7124166,24,24,-3327.4261728,-7916.373259200001,423.5216568000001,-3.1158047999997507,
,ELECTROLINERA SHELL RIO MAIPO PONIENTE - 1,San Bernardo,Autopista Ruta 5 Sur Kilometro 29 29,-3368104,-7072634,50,43,-3742.6371648000004,-7859.1109008,8.310664799999813,54.146553600000516,
,IRVE Espacio Urbano Melipilla - 1,Melipilla,Serrano 385,-3368468,-7121362,70,60,-3743.0416416000003,-7913.257454400001,7.906187999999929,0,
,Inst. Elec. Cargador de Vehiculos Eléctricos E/S M - 1,San Bernardo,AVENIDA PRESIDENTE JORGE ALESSANDRI 26517,-3368606,-7072606,98,43,-3743.1949872000005,-7859.0797872,7.752842399999736,54.17766720000054,
,Cargador Urbano Santelices - 1,Isla de Maipo,SANTELICES 145,-3375583,-7089779,44,22,-3750.9478296,-7878.1624248,0,35.095029600001,
,Williams Rebolledo - 1,Curacaví,Williams Rebolledo frente al 1841,-3340189,-7112889,"43,56","21,78",,,,,
,Enel X Privados - CARGADORES GIMNASIO WM PICHILEMU - 1,Pichilemu,AVENIDA COMERCIO 2851,-3440989,-7202725,11,11,,,,,
,,,,,,,,,,,,
,,,,,,,,,,,,
,,,,,,,,,,,,
,,,,,,,,,,,,
,,,,,,,,,,,,
,,,,,,,,,,,,
,,,,,,,,,,,,
,,,,,,,,,,,,
,,,,,,,,,,,,
,,,,,,,,,,,,
,,,,,,,,,,,,
,,,,,,,,,,,,
,,,,,,,,,,,,
,,,,,,,,,,,,
,,,,,,,,,,,,
,,,,,,,,,,,,
,,,,,,,,,,,,
,,,,,,,,,,,,
,,,,,,,,,,,,
,,,,,,,,,,,,
,,,,,,,,,,,,
,,,,,,,,,,,,
,,,,,,,,,,,,
,,,,,,,,,,,,
,,,,,,,,,,,,
,,,,,,,,,,,,
,,,,,,,,,,,,
,,,,,,,,,,,,
,,,,,,,,,,,,
,,,,,,,,,,,,
,,,,,,,,,,,,
,,,,,,,,,,,,
,,,,,,,,,,,,
,,,,,,,,,,,,
,,,,,,,,,,,,
,,,,,,,,,,,,
,,,,,,,,,,,,
,,,,,,,,,,,,
,,,,,,,,,,,,
,,,,,,,,,,,,
,,,,,,,,,,,,
,,,,,,,,,,,,
,,,,,,,,,,,,
,,,,,,,,,,,,
,,,,,,,,,,,,
,,,,,,,,,,,,
,,,,,,,,,,,,
,,,,,,,,,,,,
,,,,,,,,,,,,
,,,,,,,,,,,,
,,,,,,,,,,,,
,,,,,,,,,,,,
,,,,,,,,,,,,
,,,,,,,,,,,,
,,,,,,,,,,,,
,,,,,,,,,,,,
,,,,,,,,,,,,
,,,,,,,,,,,,
,,,,,,,,,,,,
,,,,,,,,,,,,
,,,,,,,,,,,,
,,,,,,,,,,,,
,,,,,,,,,,,,
,,,,,,,,,,,,
,,,,,,,,,,,,
,,,,,,,,,,,,
,,,,,,,,,,,,
,,,,,,,,,,,,
,,,,,,,,,,,,
,,,,,,,,,,,,
,,,,,,,,,,,,
,,,,,,,,,,,,
,,,,,,,,,,,,
,,,,,,,,,,,,
,,,,,,,,,,,,
,,,,,,,,,,,,
,,,,,,,,,,,,
,,,,,,,,,,,,
,,,,,,,,,,,,
,,,,,,,,,,,,
,,,,,,,,,,,,
,,,,,,,,,,,,
,,,,,,,,,,,,
,,,,,,,,,,,,
,,,,,,,,,,,,
,,,,,,,,,,,,
,,,,,,,,,,,,
,,,,,,,,,,,,
,,,,,,,,,,,,
,,,,,,,,,,,,
,,,,,,,,,,,,
,,,,,,,,,,,,
,,,,,,,,,,,,
,,,,,,,,,,,,
,,,,,,,,,,,,
,,,,,,,,,,,,
,,,,,,,,,,,,
,,,,,,,,,,,,
,,,,,,,,,,,,
,,,,,,,,,,,,
,,,,,,,,,,,,
,,,,,,,,,,,,
,,,,,,,,,,,,
,,,,,,,,,,,,
,,,,,,,,,,,,
,,,,,,,,,,,,
,,,,,,,,,,,,
,,,,,,,,,,,,
,,,,,,,,,,,,
,,,,,,,,,,,,
,,,,,,,,,,,,
,,,,,,,,,,,,
,,,,,,,,,,,,
,,,,,,,,,,,,
,,,,,,,,,,,,
,,,,,,,,,,,,
,,,,,,,,,,,,
,,,,,,,,,,,,
,,,,,,,,,,,,
,,,,,,,,,,,,
,,,,,,,,,,,,
,,,,,,,,,,,,
,,,,,,,,,,,,
,,,,,,,,,,,,
,,,,,,,,,,,,
,,,,,,,,,,,,
,,,,,,,,,,,,
,,,,,,,,,,,,
,,,,,,,,,,,,
,,,,,,,,,,,,
,,,,,,,,,,,,
,,,,,,,,,,,,
,,,,,,,,,,,,
,,,,,,,,,,,,
,,,,,,,,,,,,
,,,,,,,,,,,,
,,,,,,,,,,,,
,,,,,,,,,,,,
,,,,,,,,,,,,
,,,,,,,,,,,,
,,,,,,,,,,,,
,,,,,,,,,,,,
,,,,,,,,,,,,
,,,,,,,,,,,,
,,,,,,,,,,,,
,,,,,,,,,,,,
,,,,,,,,,,,,
,,,,,,,,,,,,
,,,,,,,,,,,,
,,,,,,,,,,,,
,,,,,,,,,,,,
,,,,,,,,,,,,
,,,,,,,,,,,,
,,,,,,,,,,,,
,,,,,,,,,,,,
,,,,,,,,,,,,
,,,,,,,,,,,,
,,,,,,,,,,,,
,,,,,,,,,,,,
,,,,,,,,,,,,
,,,,,,,,,,,,
,,,,,,,,,,,,
,,,,,,,,,,,,
,,,,,,,,,,,,
,,,,,,,,,,,,
,,,,,,,,,,,,
,,,,,,,,,,,,
,,,,,,,,,,,,
,,,,,,,,,,,,
,,,,,,,,,,,,
,,,,,,,,,,,,
,,,,,,,,,,,,
,,,,,,,,,,,,
,,,,,,,,,,,,
,,,,,,,,,,,,
,,,,,,,,,,,,
,,,,,,,,,,,,
,,,,,,,,,,,,
,,,,,,,,,,,,
,,,,,,,,,,,,
,,,,,,,,,,,,
,,,,,,,,,,,,
,,,,,,,,,,,,
,,,,,,,,,,,,
,,,,,,,,,,,,
,,,,,,,,,,,,
,,,,,,,,,,,,
,,,,,,,,,,,,
,,,,,,,,,,,,
,,,,,,,,,,,,
,,,,,,,,,,,,
,,,,,,,,,,,,
,,,,,,,,,,,,
,,,,,,,,,,,,
,,,,,,,,,,,,
,,,,,,,,,,,,
,,,,,,,,,,,,
,,,,,,,,,,,,
,,,,,,,,,,,,
,,,,,,,,,,,,
,,,,,,,,,,,,
,,,,,,,,,,,,
,,,,,,,,,,,,
,,,,,,,,,,,,
,,,,,,,,,,,,
,,,,,,,,,,,,
,,,,,,,,,,,,
,,,,,,,,,,,,
,,,,,,,,,,,,
,,,,,,,,,,,,
,,,,,,,,,,,,
,,,,,,,,,,,,
,,,,,,,,,,,,
,,,,,,,,,,,,
,,,,,,,,,,,,
,,,,,,,,,,,,
,,,,,,,,,,,,
,,,,,,,,,,,,
,,,,,,,,,,,,
,,,,,,,,,,,,
,,,,,,,,,,,,
,,,,,,,,,,,,
,,,,,,,,,,,,
,,,,,,,,,,,,
,,,,,,,,,,,,
,,,,,,,,,,,,
,,,,,,,,,,,,
,,,,,,,,,,,,
,,,,,,,,,,,,
,,,,,,,,,,,,
,,,,,,,,,,,,
,,,,,,,,,,,,
,,,,,,,,,,,,
,,,,,,,,,,,,
,,,,,,,,,,,,
,,,,,,,,,,,,
,,,,,,,,,,,,
,,,,,,,,,,,,
,,,,,,,,,,,,
,,,,,,,,,,,,
,,,,,,,,,,,,
,,,,,,,,,,,,
,,,,,,,,,,,,
,,,,,,,,,,,,
,,,,,,,,,,,,
,,,,,,,,,,,,
,,,,,,,,,,,,
,,,,,,,,,,,,
,,,,,,,,,,,,
,,,,,,,,,,,,
,,,,,,,,,,,,
,,,,,,,,,,,,
,,,,,,,,,,,,
,,,,,,,,,,,,
,,,,,,,,,,,,
,,,,,,,,,,,,
,,,,,,,,,,,,
,,,,,,,,,,,,
,,,,,,,,,,,,
,,,,,,,,,,,,
,,,,,,,,,,,,
,,,,,,,,,,,,
,,,,,,,,,,,,
,,,,,,,,,,,,
,,,,,,,,,,,,
,,,,,,,,,,,,
,,,,,,,,,,,,
,,,,,,,,,,,,
,,,,,,,,,,,,
,,,,,,,,,,,,
,,,,,,,,,,,,
,,,,,,,,,,,,
,,,,,,,,,,,,
,,,,,,,,,,,,
,,,,,,,,,,,,
,,,,,,,,,,,,
,,,,,,,,,,,,
,,,,,,,,,,,,
,,,,,,,,,,,,
,,,,,,,,,,,,
,,,,,,,,,,,,
,,,,,,,,,,,,
,,,,,,,,,,,,
,,,,,,,,,,,,
,,,,,,,,,,,,
,,,,,,,,,,,,
,,,,,,,,,,,,
,,,,,,,,,,,,
,,,,,,,,,,,,
,,,,,,,,,,,,
,,,,,,,,,,,,
,,,,,,,,,,,,
,,,,,,,,,,,,
,,,,,,,,,,,,
,,,,,,,,,,,,
,,,,,,,,,,,,
,,,,,,,,,,,,
,,,,,,,,,,,,
,,,,,,,,,,,,
,,,,,,,,,,,,
,,,,,,,,,,,,
,,,,,,,,,,,,
,,,,,,,,,,,,
,,,,,,,,,,,,
,,,,,,,,,,,,
,,,,,,,,,,,,
,,,,,,,,,,,,
,,,,,,,,,,,,
,,,,,,,,,,,,
,,,,,,,,,,,,
,,,,,,,,,,,,
,,,,,,,,,,,,
,,,,,,,,,,,,
,,,,,,,,,,,,
,,,,,,,,,,,,
,,,,,,,,,,,,
,,,,,,,,,,,,
,,,,,,,,,,,,
,,,,,,,,,,,,
,,,,,,,,,,,,
,,,,,,,,,,,,
,,,,,,,,,,,,
,,,,,,,,,,,,
,,,,,,,,,,,,
,,,,,,,,,,,,
,,,,,,,,,,,,
,,,,,,,,,,,,
,,,,,,,,,,,,
,,,,,,,,,,,,
,,,,,,,,,,,,
,,,,,,,,,,,,
,,,,,,,,,,,,
,,,,,,,,,,,,
,,,,,,,,,,,,
,,,,,,,,,,,,
,,,,,,,,,,,,
,,,,,,,,,,,,
,,,,,,,,,,,,
,,,,,,,,,,,,
,,,,,,,,,,,,
,,,,,,,,,,,,
,,,,,,,,,,,,
,,,,,,,,,,,,
,,,,,,,,,,,,
,,,,,,,,,,,,
,,,,,,,,,,,,
,,,,,,,,,,,,
,,,,,,,,,,,,
,,,,,,,,,,,,
,,,,,,,,,,,,
,,,,,,,,,,,,
,,,,,,,,,,,,
,,,,,,,,,,,,
,,,,,,,,,,,,
,,,,,,,,,,,,
,,,,,,,,,,,,
,,,,,,,,,,,,
,,,,,,,,,,,,
,,,,,,,,,,,,
,,,,,,,,,,,,
,,,,,,,,,,,,
,,,,,,,,,,,,
,,,,,,,,,,,,
,,,,,,,,,,,,
,,,,,,,,,,,,
,,,,,,,,,,,,
,,,,,,,,,,,,
,,,,,,,,,,,,
,,,,,,,,,,,,
,,,,,,,,,,,,
,,,,,,,,,,,,
,,,,,,,,,,,,
,,,,,,,,,,,,
,,,,,,,,,,,,
,,,,,,,,,,,,
,,,,,,,,,,,,
,,,,,,,,,,,,
,,,,,,,,,,,,
,,,,,,,,,,,,
,,,,,,,,,,,,
,,,,,,,,,,,,
,,,,,,,,,,,,
,,,,,,,,,,,,
,,,,,,,,,,,,
,,,,,,,,,,,,
,,,,,,,,,,,,
,,,,,,,,,,,,
,,,,,,,,,,,,
,,,,,,,,,,,,
,,,,,,,,,,,,
,,,,,,,,,,,,
,,,,,,,,,,,,
,,,,,,,,,,,,
,,,,,,,,,,,,
,,,,,,,,,,,,
,,,,,,,,,,,,
,,,,,,,,,,,,
,,,,,,,,,,,,
,,,,,,,,,,,,
,,,,,,,,,,,,
,,,,,,,,,,,,
,,,,,,,,,,,,
,,,,,,,,,,,,
,,,,,,,,,,,,
,,,,,,,,,,,,
,,,,,,,,,,,,
,,,,,,,,,,,,
,,,,,,,,,,,,
,,,,,,,,,,,,
,,,,,,,,,,,,
,,,,,,,,,,,,
,,,,,,,,,,,,
,,,,,,,,,,,,
,,,,,,,,,,,,
,,,,,,,,,,,,
,,,,,,,,,,,,
,,,,,,,,,,,,
,,,,,,,,,,,,
,,,,,,,,,,,,
,,,,,,,,,,,,
,,,,,,,,,,,,
,,,,,,,,,,,,
,,,,,,,,,,,,
,,,,,,,,,,,,
,,,,,,,,,,,,
,,,,,,,,,,,,
,,,,,,,,,,,,
,,,,,,,,,,,,
,,,,,,,,,,,,
,,,,,,,,,,,,
,,,,,,,,,,,,
,,,,,,,,,,,,
,,,,,,,,,,,,
,,,,,,,,,,,,
,,,,,,,,,,,,
,,,,,,,,,,,,
,,,,,,,,,,,,
,,,,,,,,,,,,
,,,,,,,,,,,,
,,,,,,,,,,,,
,,,,,,,,,,,,
,,,,,,,,,,,,
,,,,,,,,,,,,
,,,,,,,,,,,,
,,,,,,,,,,,,
,,,,,,,,,,,,
,,,,,,,,,,,,
,,,,,,,,,,,,
,,,,,,,,,,,,
,,,,,,,,,,,,
,,,,,,,,,,,,
,,,,,,,,,,,,
,,,,,,,,,,,,
,,,,,,,,,,,,
,,,,,,,,,,,,
,,,,,,,,,,,,
,,,,,,,,,,,,
,,,,,,,,,,,,
,,,,,,,,,,,,
,,,,,,,,,,,,
,,,,,,,,,,,,
,,,,,,,,,,,,
,,,,,,,,,,,,
,,,,,,,,,,,,
,,,,,,,,,,,,
,,,,,,,,,,,,
,,,,,,,,,,,,
,,,,,,,,,,,,
,,,,,,,,,,,,
,,,,,,,,,,,,
,,,,,,,,,,,,
,,,,,,,,,,,,
,,,,,,,,,,,,
,,,,,,,,,,,,
,,,,,,,,,,,,
,,,,,,,,,,,,
,,,,,,,,,,,,
,,,,,,,,,,,,
,,,,,,,,,,,,
,,,,,,,,,,,,
,,,,,,,,,,,,
,,,,,,,,,,,,
,,,,,,,,,,,,
,,,,,,,,,,,,
,,,,,,,,,,,,
,,,,,,,,,,,,
,,,,,,,,,,,,
,,,,,,,,,,,,
,,,,,,,,,,,,
,,,,,,,,,,,,
,,,,,,,,,,,,
,,,,,,,,,,,,
,,,,,,,,,,,,
,,,,,,,,,,,,
,,,,,,,,,,,,
,,,,,,,,,,,,
,,,,,,,,,,,,
,,,,,,,,,,,,
,,,,,,,,,,,,
,,,,,,,,,,,,
,,,,,,,,,,,,
,,,,,,,,,,,,
,,,,,,,,,,,,
,,,,,,,,,,,,
,,,,,,,,,,,,
,,,,,,,,,,,,
,,,,,,,,,,,,
,,,,,,,,,,,,
,,,,,,,,,,,,
,,,,,,,,,,,,
,,,,,,,,,,,,
,,,,,,,,,,,,
,,,,,,,,,,,,
,,,,,,,,,,,,
,,,,,,,,,,,,
,,,,,,,,,,,,
,,,,,,,,,,,,
,,,,,,,,,,,,
,,,,,,,,,,,,
,,,,,,,,,,,,
,,,,,,,,,,,,
,,,,,,,,,,,,
,,,,,,,,,,,,
,,,,,,,,,,,,
,,,,,,,,,,,,
,,,,,,,,,,,,
,,,,,,,,,,,,
,,,,,,,,,,,,
,,,,,,,,,,,,
,,,,,,,,,,,,
,,,,,,,,,,,,
,,,,,,,,,,,,
,,,,,,,,,,,,
,,,,,,,,,,,,
,,,,,,,,,,,,
,,,,,,,,,,,,
,,,,,,,,,,,,
,,,,,,,,,,,,
,,,,,,,,,,,,
,,,,,,,,,,,,
,,,,,,,,,,,,
,,,,,,,,,,,,
,,,,,,,,,,,,
,,,,,,,,,,,,
,,,,,,,,,,,,
,,,,,,,,,,,,
,,,,,,,,,,,,
,,,,,,,,,,,,
,,,,,,,,,,,,
,,,,,,,,,,,,
,,,,,,,,,,,,
,,,,,,,,,,,,
,,,,,,,,,,,,
,,,,,,,,,,,,
,,,,,,,,,,,,
,,,,,,,,,,,,
,,,,,,,,,,,,
,,,,,,,,,,,,
,,,,,,,,,,,,
,,,,,,,,,,,,
,,,,,,,,,,,,
,,,,,,,,,,,,
,,,,,,,,,,,,
,,,,,,,,,,,,
,,,,,,,,,,,,
,,,,,,,,,,,,
,,,,,,,min,,,,,
